ID,NTypeId,NewsTitle,Headlines,KeyWords,Auther,Form,Chicks,DataTime,NewsCount,Enter,Editor,OrderBy,IsReview,IsSue,IsTop,TitleClor,TitleBody,ImageUrl
103,35,“最难就业季”说创业 要激情不要盲动,,,佚名,本站原创,589,2013-09-02 13:06:44.060,"<SPAN style=""WIDOWS: 2; TEXT-TRANSFORM: none; BACKGROUND-COLOR: rgb(255,255,255); TEXT-INDENT: 0px; DISPLAY: inline !important; FONT: 14px/24px 宋体; WHITE-SPACE: normal; ORPHANS: 2; FLOAT: none; LETTER-SPACING: normal; COLOR: rgb(51,51,51); WORD-SPACING: 0px; -webkit-text-size-adjust: auto; -webkit-text-stroke-width: 0px"">创业,要有激情但不能盲动,需要客观估量自己能力,找准自己的定位,把前期准备做充足,这样才能少走弯路。</SPAN><BR style=""WIDOWS: 2; TEXT-TRANSFORM: none; BACKGROUND-COLOR: rgb(255,255,255); TEXT-INDENT: 0px; FONT: 14px/24px 宋体; WHITE-SPACE: normal; ORPHANS: 2; LETTER-SPACING: normal; COLOR: rgb(51,51,51); WORD-SPACING: 0px; -webkit-text-size-adjust: auto; -webkit-text-stroke-width: 0px""><BR style=""WIDOWS: 2; TEXT-TRANSFORM: none; BACKGROUND-COLOR: rgb(255,255,255); TEXT-INDENT: 0px; FONT: 14px/24px 宋体; WHITE-SPACE: normal; ORPHANS: 2; LETTER-SPACING: normal; COLOR: rgb(51,51,51); WORD-SPACING: 0px; -webkit-text-size-adjust: auto; -webkit-text-stroke-width: 0px""><SPAN style=""WIDOWS: 2; TEXT-TRANSFORM: none; BACKGROUND-COLOR: rgb(255,255,255); TEXT-INDENT: 0px; DISPLAY: inline !important; FONT: 14px/24px 宋体; WHITE-SPACE: normal; ORPHANS: 2; FLOAT: none; LETTER-SPACING: normal; COLOR: rgb(51,51,51); WORD-SPACING: 0px; -webkit-text-size-adjust: auto; -webkit-text-stroke-width: 0px"">　　在这个“最难就业季”,大学生创业成了一大热门话题。</SPAN><BR style=""WIDOWS: 2; TEXT-TRANSFORM: none; BACKGROUND-COLOR: rgb(255,255,255); TEXT-INDENT: 0px; FONT: 14px/24px 宋体; WHITE-SPACE: normal; ORPHANS: 2; LETTER-SPACING: normal; COLOR: rgb(51,51,51); WORD-SPACING: 0px; -webkit-text-size-adjust: auto; -webkit-text-stroke-width: 0px""><BR style=""WIDOWS: 2; TEXT-TRANSFORM: none; BACKGROUND-COLOR: rgb(255,255,255); TEXT-INDENT: 0px; FONT: 14px/24px 宋体; WHITE-SPACE: normal; ORPHANS: 2; LETTER-SPACING: normal; COLOR: rgb(51,51,51); WORD-SPACING: 0px; -webkit-text-size-adjust: auto; -webkit-text-stroke-width: 0px""><SPAN style=""WIDOWS: 2; TEXT-TRANSFORM: none; BACKGROUND-COLOR: rgb(255,255,255); TEXT-INDENT: 0px; DISPLAY: inline !important; FONT: 14px/24px 宋体; WHITE-SPACE: normal; ORPHANS: 2; FLOAT: none; LETTER-SPACING: normal; COLOR: rgb(51,51,51); WORD-SPACING: 0px; -webkit-text-size-adjust: auto; -webkit-text-stroke-width: 0px"">　　大学生,充满着蓬勃朝气,有着较强的学习能力和知识优势,还有着初生牛犊不怕虎、敢于挑战的鲜明气质,是最适宜创业的一个庞大群体。一位贫困生,凭两条善于奔跑的腿,有偿为他人送盒饭、打开水、买物品,大学四年没花家中一分钱,还成为了多家公司的总代理；还有一位学生,在一次次快递的转送中发现商机,他成立的“快递服务工作室”,占领了多所大学的物流市场……一批年轻学子,敢创业、学创业、会创业,为将来事业有成打下了基础。</SPAN><BR style=""WIDOWS: 2; TEXT-TRANSFORM: none; BACKGROUND-COLOR: rgb(255,255,255); TEXT-INDENT: 0px; FONT: 14px/24px 宋体; WHITE-SPACE: normal; ORPHANS: 2; LETTER-SPACING: normal; COLOR: rgb(51,51,51); WORD-SPACING: 0px; -webkit-text-size-adjust: auto; -webkit-text-stroke-width: 0px""><BR style=""WIDOWS: 2; TEXT-TRANSFORM: none; BACKGROUND-COLOR: rgb(255,255,255); TEXT-INDENT: 0px; FONT: 14px/24px 宋体; WHITE-SPACE: normal; ORPHANS: 2; LETTER-SPACING: normal; COLOR: rgb(51,51,51); WORD-SPACING: 0px; -webkit-text-size-adjust: auto; -webkit-text-stroke-width: 0px""><SPAN style=""WIDOWS: 2; TEXT-TRANSFORM: none; BACKGROUND-COLOR: rgb(255,255,255); TEXT-INDENT: 0px; DISPLAY: inline !important; FONT: 14px/24px 宋体; WHITE-SPACE: normal; ORPHANS: 2; FLOAT: none; LETTER-SPACING: normal; COLOR: rgb(51,51,51); WORD-SPACING: 0px; -webkit-text-size-adjust: auto; -webkit-text-stroke-width: 0px"">　　大学生创业,越来越为社会所鼓励和接纳,但相对于庞大的学生群体,想创业的还不多,真正踏上创业路的极少。“我班52人,大多没签约,也没人想创业”“没人脉、无资金、零经验,拿什么创业?”与即将毕业的大学生聊天,敢于站出来创业的,寥寥无几。调查中看到,缺乏启动资金、缺乏创业指导、缺乏社会经验,大学生创业面临着一个个具体问题。同时,市场竞争日趋激烈,大学生创业率极低,成功率更低,一些不成功的案例令人沮丧,让人望而却步。</SPAN><BR style=""WIDOWS: 2; TEXT-TRANSFORM: none; BACKGROUND-COLOR: rgb(255,255,255); TEXT-INDENT: 0px; FONT: 14px/24px 宋体; WHITE-SPACE: normal; ORPHANS: 2; LETTER-SPACING: normal; COLOR: rgb(51,51,51); WORD-SPACING: 0px; -webkit-text-size-adjust: auto; -webkit-text-stroke-width: 0px""><BR style=""WIDOWS: 2; TEXT-TRANSFORM: none; BACKGROUND-COLOR: rgb(255,255,255); TEXT-INDENT: 0px; FONT: 14px/24px 宋体; WHITE-SPACE: normal; ORPHANS: 2; LETTER-SPACING: normal; COLOR: rgb(51,51,51); WORD-SPACING: 0px; -webkit-text-size-adjust: auto; -webkit-text-stroke-width: 0px""><SPAN style=""WIDOWS: 2; TEXT-TRANSFORM: none; BACKGROUND-COLOR: rgb(255,255,255); TEXT-INDENT: 0px; DISPLAY: inline !important; FONT: 14px/24px 宋体; WHITE-SPACE: normal; ORPHANS: 2; FLOAT: none; LETTER-SPACING: normal; COLOR: rgb(51,51,51); WORD-SPACING: 0px; -webkit-text-size-adjust: auto; -webkit-text-stroke-width: 0px"">　　激励大学生踏上创业路,必须理解大学生,关心大学生,积极培育适宜创业的土壤。比如,可以在小额担保贷款、贴息政策、税费减免、培训补贴等方面,给予大学生创业以更多优惠的政策,在注册登记、落户政策等方面,加大改革力度,尽心竭力扶持学生创业。同样,高校要适应创业需求,将</SPAN><SPAN style=""BORDER-BOTTOM: rgb(0,0,153) 0px dotted; WIDOWS: 2; TEXT-TRANSFORM: none; BACKGROUND-COLOR: rgb(255,255,255); TEXT-INDENT: 0px; FONT: 14px/24px 宋体; WHITE-SPACE: normal; ORPHANS: 2; LETTER-SPACING: normal; COLOR: rgb(51,51,51); WORD-SPACING: 0px; -webkit-text-size-adjust: auto; -webkit-text-stroke-width: 0px"" onmouseover=""fnMouseOverEvent(event, 'null','0','创业教育')"" name=""HL_TAG"">创业教育</SPAN><SPAN style=""WIDOWS: 2; TEXT-TRANSFORM: none; BACKGROUND-COLOR: rgb(255,255,255); TEXT-INDENT: 0px; DISPLAY: inline !important; FONT: 14px/24px 宋体; WHITE-SPACE: normal; ORPHANS: 2; FLOAT: none; LETTER-SPACING: normal; COLOR: rgb(51,51,51); WORD-SPACING: 0px; -webkit-text-size-adjust: auto; -webkit-text-stroke-width: 0px"">融入专业教学和人才培养全过程,创业课、创业班、创业园、孵化园,一个也不能少。</SPAN><BR style=""WIDOWS: 2; TEXT-TRANSFORM: none; BACKGROUND-COLOR: rgb(255,255,255); TEXT-INDENT: 0px; FONT: 14px/24px 宋体; WHITE-SPACE: normal; ORPHANS: 2; LETTER-SPACING: normal; COLOR: rgb(51,51,51); WORD-SPACING: 0px; -webkit-text-size-adjust: auto; -webkit-text-stroke-width: 0px""><BR style=""WIDOWS: 2; TEXT-TRANSFORM: none; BACKGROUND-COLOR: rgb(255,255,255); TEXT-INDENT: 0px; FONT: 14px/24px 宋体; WHITE-SPACE: normal; ORPHANS: 2; LETTER-SPACING: normal; COLOR: rgb(51,51,51); WORD-SPACING: 0px; -webkit-text-size-adjust: auto; -webkit-text-stroke-width: 0px""><SPAN style=""WIDOWS: 2; TEXT-TRANSFORM: none; BACKGROUND-COLOR: rgb(255,255,255); TEXT-INDENT: 0px; DISPLAY: inline !important; FONT: 14px/24px 宋体; WHITE-SPACE: normal; ORPHANS: 2; FLOAT: none; LETTER-SPACING: normal; COLOR: rgb(51,51,51); WORD-SPACING: 0px; -webkit-text-size-adjust: auto; -webkit-text-stroke-width: 0px"">　　创业,首先在“创”,最需要的是敢想、敢试、敢闯、敢为人先的气质。当前,市场变化万千,为创业者创造了无穷机会；新的行业层出不穷,为创业者开拓了广阔道路。对创业者来说,“条件具备”永远只是相对的,不会有万事俱备的那一天。很多事情,往往是干起来才具备条件,如果一味等具备条件再创业,那就意味着永远也干不成。全社会共同努力,营造良好的创业文化与创业精神,鼓起大学生的创业激情,是开启创业之门的“金钥匙”。</SPAN><BR style=""WIDOWS: 2; TEXT-TRANSFORM: none; BACKGROUND-COLOR: rgb(255,255,255); TEXT-INDENT: 0px; FONT: 14px/24px 宋体; WHITE-SPACE: normal; ORPHANS: 2; LETTER-SPACING: normal; COLOR: rgb(51,51,51); WORD-SPACING: 0px; -webkit-text-size-adjust: auto; -webkit-text-stroke-width: 0px""><BR style=""WIDOWS: 2; TEXT-TRANSFORM: none; BACKGROUND-COLOR: rgb(255,255,255); TEXT-INDENT: 0px; FONT: 14px/24px 宋体; WHITE-SPACE: normal; ORPHANS: 2; LETTER-SPACING: normal; COLOR: rgb(51,51,51); WORD-SPACING: 0px; -webkit-text-size-adjust: auto; -webkit-text-stroke-width: 0px""><SPAN style=""WIDOWS: 2; TEXT-TRANSFORM: none; BACKGROUND-COLOR: rgb(255,255,255); TEXT-INDENT: 0px; DISPLAY: inline !important; FONT: 14px/24px 宋体; WHITE-SPACE: normal; ORPHANS: 2; FLOAT: none; LETTER-SPACING: normal; COLOR: rgb(51,51,51); WORD-SPACING: 0px; -webkit-text-size-adjust: auto; -webkit-text-stroke-width: 0px"">　　创业,要有激情但不是盲动。走出校门、进入社会,走出课本、迈向实践,大学生既拥有创业的诸多优势,也存在诸多短板。创业,不仅要有创业激情,更要有科学务实的精神,客观估量自己能力,深入市场调研,进行可行性分析,找准自己的定位,把前期准备做充足,这样才能少走弯路。创业令人兴奋,但创业之路不会一帆风顺。只要坚定创业信念,拿出不畏困苦、愈挫愈勇的韧劲,敢闯、会闯、科学地闯,一定能在创业路上越走越远。</SPAN>",,,0,1,1,0,Black,normal,lblSmallImagePath
104,35,大学生创业求“精”别贪多,,,,渤海早报,595,2013-09-02 13:07:32.277,"<P style=""WIDOWS: 2; TEXT-TRANSFORM: none; BACKGROUND-COLOR: rgb(255,255,255); TEXT-INDENT: 0px; FONT: 14px/24px 宋体; WHITE-SPACE: normal; ORPHANS: 2; LETTER-SPACING: normal; COLOR: rgb(51,51,51); WORD-SPACING: 0px; -webkit-text-size-adjust: auto; -webkit-text-stroke-width: 0px"">　对于大学生创业者来说，敢闯敢干、有雄心不是坏事，但如果急于求成，项目扩展得过多、“摊子”铺得过大，超过了自身现有的能力和资源时，成功只会越来越远。</P>
<P style=""WIDOWS: 2; TEXT-TRANSFORM: none; BACKGROUND-COLOR: rgb(255,255,255); TEXT-INDENT: 0px; FONT: 14px/24px 宋体; WHITE-SPACE: normal; ORPHANS: 2; LETTER-SPACING: normal; COLOR: rgb(51,51,51); WORD-SPACING: 0px; -webkit-text-size-adjust: auto; -webkit-text-stroke-width: 0px""><STRONG>　　“借”模式开店初尝成功</STRONG></P>
<P style=""WIDOWS: 2; TEXT-TRANSFORM: none; BACKGROUND-COLOR: rgb(255,255,255); TEXT-INDENT: 0px; FONT: 14px/24px 宋体; WHITE-SPACE: normal; ORPHANS: 2; LETTER-SPACING: normal; COLOR: rgb(51,51,51); WORD-SPACING: 0px; -webkit-text-size-adjust: auto; -webkit-text-stroke-width: 0px"">　　在天津大学里有家专为大学生定制西服的小店，因其物美价廉而备受欢迎。这家店的创办者叫申天文，河北省邯郸人，是天津大学材料学院2008届本科毕业生。申天文毕业后到北京做管理培训生，当时在北京许多高校中都出现了为大学毕业生定做西服的店，买卖很火。“我觉得将这种模式搬回市场尚处空白的天津，应该会有发展。”</P>
<P style=""WIDOWS: 2; TEXT-TRANSFORM: none; BACKGROUND-COLOR: rgb(255,255,255); TEXT-INDENT: 0px; FONT: 14px/24px 宋体; WHITE-SPACE: normal; ORPHANS: 2; LETTER-SPACING: normal; COLOR: rgb(51,51,51); WORD-SPACING: 0px; -webkit-text-size-adjust: auto; -webkit-text-stroke-width: 0px"">　　2009年，申天文回津学习相关知识，并亲自进工厂考察。两个多月后，申天文在母校四季村菜市场附近租了间小店，他负责量体，然后由合作的工厂来制衣。</P>
<P style=""WIDOWS: 2; TEXT-TRANSFORM: none; BACKGROUND-COLOR: rgb(255,255,255); TEXT-INDENT: 0px; FONT: 14px/24px 宋体; WHITE-SPACE: normal; ORPHANS: 2; LETTER-SPACING: normal; COLOR: rgb(51,51,51); WORD-SPACING: 0px; -webkit-text-size-adjust: auto; -webkit-text-stroke-width: 0px"">　　开始由于宣传不够、地点偏僻及不懂经营，客人寥寥无几。后来申天文通过印海报、上论坛发帖、人人网发布消息等方式打出了“人生第一套西服”的学生装概念，终于引来了第一笔大订单：为学校即将毕业的上百名研究生定做西服，这个订单也为申天文打响了知名度，</P>
<P style=""WIDOWS: 2; TEXT-TRANSFORM: none; BACKGROUND-COLOR: rgb(255,255,255); TEXT-INDENT: 0px; FONT: 14px/24px 宋体; WHITE-SPACE: normal; ORPHANS: 2; LETTER-SPACING: normal; COLOR: rgb(51,51,51); WORD-SPACING: 0px; -webkit-text-size-adjust: auto; -webkit-text-stroke-width: 0px""><STRONG>　　四处扩展项目导致失败</STRONG></P>
<P style=""WIDOWS: 2; TEXT-TRANSFORM: none; BACKGROUND-COLOR: rgb(255,255,255); TEXT-INDENT: 0px; FONT: 14px/24px 宋体; WHITE-SPACE: normal; ORPHANS: 2; LETTER-SPACING: normal; COLOR: rgb(51,51,51); WORD-SPACING: 0px; -webkit-text-size-adjust: auto; -webkit-text-stroke-width: 0px"">　　知名度打响的同时，申天文的创业“野心”也大大膨胀起来。“我太想成功了，也太急于用成功来证明自己，所以当有了一点成绩时，我就有点飘飘然了。”从2009年底到2012年6月，申天文利用回流资金及自己的积蓄陆续开了女士内衣店、餐馆，还与人合开教育培训班，但由于缺乏规划，再加上自身经验、精力、资金都不足，这些项目全失败了。</P>
<P style=""WIDOWS: 2; TEXT-TRANSFORM: none; BACKGROUND-COLOR: rgb(255,255,255); TEXT-INDENT: 0px; FONT: 14px/24px 宋体; WHITE-SPACE: normal; ORPHANS: 2; LETTER-SPACING: normal; COLOR: rgb(51,51,51); WORD-SPACING: 0px; -webkit-text-size-adjust: auto; -webkit-text-stroke-width: 0px"">　　失败让申天文认识到创业的一个最大忌讳“八面均沾”。他总结，与其求大求快，不如专攻一项，回归最初的创业设想，把西服定制做深做透。</P>
<P style=""WIDOWS: 2; TEXT-TRANSFORM: none; BACKGROUND-COLOR: rgb(255,255,255); TEXT-INDENT: 0px; FONT: 14px/24px 宋体; WHITE-SPACE: normal; ORPHANS: 2; LETTER-SPACING: normal; COLOR: rgb(51,51,51); WORD-SPACING: 0px; -webkit-text-size-adjust: auto; -webkit-text-stroke-width: 0px""><STRONG>　　回归“本行”做深做强</STRONG></P>
<P style=""WIDOWS: 2; TEXT-TRANSFORM: none; BACKGROUND-COLOR: rgb(255,255,255); TEXT-INDENT: 0px; FONT: 14px/24px 宋体; WHITE-SPACE: normal; ORPHANS: 2; LETTER-SPACING: normal; COLOR: rgb(51,51,51); WORD-SPACING: 0px; -webkit-text-size-adjust: auto; -webkit-text-stroke-width: 0px"">　　去年底开始，申天文专心于大学生西服定制，并将定制项目延伸到“平价定制”。“每年除毕业季外，夏天的西服生意不如冬天，所以我开始衍生设计个性文化衫，一个宿舍、一个班乃至一个社团都可以定做。”</P>
<P style=""WIDOWS: 2; TEXT-TRANSFORM: none; BACKGROUND-COLOR: rgb(255,255,255); TEXT-INDENT: 0px; FONT: 14px/24px 宋体; WHITE-SPACE: normal; ORPHANS: 2; LETTER-SPACING: normal; COLOR: rgb(51,51,51); WORD-SPACING: 0px; -webkit-text-size-adjust: auto; -webkit-text-stroke-width: 0px"">　　在听说学校食堂三楼对外出租的消息后，申天文又将店面迁到了食堂，以方便为学生服务。他还在财大和师大开了分店。“金融和教育企业对应聘者的服装要求较高，财大和师大这两类专业的学生较多，因此市场需求会更大些。”</P>
<P style=""WIDOWS: 2; TEXT-TRANSFORM: none; BACKGROUND-COLOR: rgb(255,255,255); TEXT-INDENT: 0px; FONT: 14px/24px 宋体; WHITE-SPACE: normal; ORPHANS: 2; LETTER-SPACING: normal; COLOR: rgb(51,51,51); WORD-SPACING: 0px; -webkit-text-size-adjust: auto; -webkit-text-stroke-width: 0px"">　　申天文还经常为在校生提供实习机会，并与学弟学妹分享自己的创业经验，避免他们创业时走弯路。</P>
<P style=""WIDOWS: 2; TEXT-TRANSFORM: none; BACKGROUND-COLOR: rgb(255,255,255); TEXT-INDENT: 0px; FONT: 14px/24px 宋体; WHITE-SPACE: normal; ORPHANS: 2; LETTER-SPACING: normal; COLOR: rgb(51,51,51); WORD-SPACING: 0px; -webkit-text-size-adjust: auto; -webkit-text-stroke-width: 0px"">　<STRONG>　专家点评</STRONG></P>
<P style=""WIDOWS: 2; TEXT-TRANSFORM: none; BACKGROUND-COLOR: rgb(255,255,255); TEXT-INDENT: 0px; FONT: 14px/24px 宋体; WHITE-SPACE: normal; ORPHANS: 2; LETTER-SPACING: normal; COLOR: rgb(51,51,51); WORD-SPACING: 0px; -webkit-text-size-adjust: auto; -webkit-text-stroke-width: 0px""><STRONG>　　学生创业最忌“眼高手低”</STRONG></P>
<P style=""WIDOWS: 2; TEXT-TRANSFORM: none; BACKGROUND-COLOR: rgb(255,255,255); TEXT-INDENT: 0px; FONT: 14px/24px 宋体; WHITE-SPACE: normal; ORPHANS: 2; LETTER-SPACING: normal; COLOR: rgb(51,51,51); WORD-SPACING: 0px; -webkit-text-size-adjust: auto; -webkit-text-stroke-width: 0px"">　　天津创业培训指导中心副主任李占强认为，野心大是大学生创业的一个通病，他们往往“眼高手低”，在自身能力尚未达到一定水平时就去涉及自己无法驾驭的领域，结果多以失败收场。与其这样，不如按部就班，先做好一项充实自身，再另寻发展机遇。</P>
<P style=""WIDOWS: 2; TEXT-TRANSFORM: none; BACKGROUND-COLOR: rgb(255,255,255); TEXT-INDENT: 0px; FONT: 14px/24px 宋体; WHITE-SPACE: normal; ORPHANS: 2; LETTER-SPACING: normal; COLOR: rgb(51,51,51); WORD-SPACING: 0px; -webkit-text-size-adjust: auto; -webkit-text-stroke-width: 0px"">　　此外，定制类产品由于库存比较小、不容易压货，于创业、于市场发展趋势而言算是一个优选项。</P>",,,0,1,1,0,Black,normal,lblSmallImagePath
128,35,大学生村干部创业需要把握三种能力,,,佚名,本站原创,595,2013-09-05 14:52:03.057,&nbsp;&nbsp;&nbsp;&nbsp;&nbsp;&nbsp;&nbsp; 大学生村干部创业，与其他人员创业一样，既有共同之处，又有独具的特点，鉴于创业的风险性，大学生村干部创业特别需要把握三种能力：<BR>　　一、风险控制承受能力。大学生村干部要创业，必须评估自己的风险承受能力，认真分析创业过程中的资金风险、竞争风险、灾害风险以及无法预知风险等。大学生村干部普遍工作时间不长，缺乏经验，缺乏资金，抗风险能力差，&nbsp;“赚起赔不起”，因此，能不能承受创业失败的所带来的严重后果，能不能准确找出潜在风险，及时化解经营中出现各种风险，是大学生村干部创业必须首先需要考虑的问题。<BR>　　二、创业项目选择能力。大学生村干部选择创业项目时，必须面对自身实际，进行项目评估。要围绕自身专业优势，围绕当地区位优势、产业发展状况选项目，因人制宜、因地制宜，从小做起。大学生村干部贴近农村，可以优先选择现代农业，运用新技术、新品种进行畜禽养殖或者蔬菜花卉种植等，在个人成功创业后，也可以把自己掌握的技术信息传授给农民，带领群众抱团创业，共同致富。<BR>　　三、创业经营发展能力。三百六十行，行行出状元，项目选择之后，能否具有持续的经营发展能力，是考验大学生村干部创业的又一个关键问题。创业之初，规模一般较小，要想实现发展壮大，困难重重，因此，要特别注重在实践中总结成功经验和失败教训；要运用知识储备，强化创新意识，准确把握市场规律；要注重通过网络、远程教育等渠道进行技能学习和经验借鉴吸收。当前，各地都出台了支持大学生村干部创业的扶持政策，设立创业示范实践基地，进行创业培训等，大学生村干部也要善于利用这些有利条件，积极寻求各部门帮助，实现创业梦想。<BR>,,,0,1,1,0,Black,normal,lblSmallImagePath
129,35,应届毕业生注意了：初期创业融资计划,,,佚名,本站原创,593,2013-09-05 14:55:21.073,&nbsp;&nbsp;&nbsp;&nbsp;&nbsp;&nbsp;&nbsp;&nbsp;&nbsp; 目前国内创业者的融资渠道较为单一，主要依靠银行等金融机构来实现，其实，创业融资，要多管齐下，千万别吊死在一棵树上，这样才能多多益善。
<P>　<STRONG>　渠道1：银行贷款</STRONG></P>
<P>　　银行贷款被誉为创业融资的“蓄水池”，由于银行财力雄厚，而且大多具有政府背景，因此在创业者中很有“群众基础”。从目前的情况看，银行贷款有以下4种：1、抵押贷款，指借款人向银行提供一定的财产作为信贷抵押的贷款方式。2、信用贷款，指银行仅凭对借款人资信的信任而发放的贷款，借款人无须向银行提供抵押物。3、担保贷款，指以担保人的信用为担保而发放的贷款。4、贴现贷款，指借款人在急需资金时，以未到期的票据向银行申请贴现而融通资金的贷款方式。</P>
<P><STRONG>　　渠道2：风险投资</STRONG></P>
<P>　　在许多人眼里，风险投资家手里都有一个神奇的“钱袋子”，从那个“钱袋子”掉出来的钱能让创业者坐上阿拉丁的“神毯”一飞冲天。但风险投资是一种高风险高回报的投资，风险投资家以参股的形式进入创业企业，为降低风险，在实现增值目的后会退出投资，而不会永远与创业企业捆绑在一起。而且，风险投资比较青睐高科技创业企业。</P>
<P>　<STRONG>　渠道3：民间资本</STRONG></P>
<P>　　随着我国政府对民间投资的鼓励与引导，以及国民经济市场化程度的提高，民间资本正获得越来越大的发展空间。目前，我国民间投资不再局限于传统的制造业和服务业领域，而是向基础设施、科教文卫、金融保险等领域“全面开花”，对正在为“找钱”发愁的创业者来说，这无疑是“利好消息”。而且民间资本的投资操作程序较为简单，融资速度快，门槛也较低。</P>
<P><STRONG>　　渠道4：创业融资宝</STRONG></P>
<P>　　创业融资宝，是指将创业者自有合法财产或在有关法规许可下将他人合法财产进行质（抵）押的形式，从而为其提供创业急需的开业资金、运转资金和经营资金。该融资项目主要针对“4050人员”，以及希望自主创业的社会青年群体。办理创业融资宝的手续较为简便，创业者只要有资产，就可申请贷款，贷款期限最长为半年，可充当抵押的物品范围非常广泛，房产、大宗物资、有价证券、机动车、名表等凡价值在300元以上的都可以。</P>
<P><STRONG>　　渠道5：融资租赁</STRONG></P>
<P>　　融资租赁是一种以融资为直接目的的信用方式，表面上看是借物，而实质上是借资，以租金的方式分期偿还。该融资方式具有以下优势：不占用创业企业的银行信用额度，创业者支付第一笔租金后即可使用设备，而不必在购买设备上大量投资，这样资金就可调往最急需用钱的地方。</P>
<DIV class=article-words></DIV>,,,0,1,1,0,Black,normal,lblSmallImagePath
130,35,2013年大学生创业需具备的20种能力盘点,,,佚名,本站原创,539,2013-09-05 14:57:11.443,&nbsp;&nbsp;&nbsp;&nbsp;&nbsp;大学生创业者越来越多，但是成功的却很少，因此，创业不是头脑一热的事情，需要经过长时间的思考才能真正投入到创业的大军中去。
<P>&nbsp;&nbsp;&nbsp;&nbsp; 如果你正准备进行创业及经营好一个企业，你一定不希望步前人的一些后辙，成为一名优秀的企业管理者，你是否已具备了以下这20项基本能力或技能?</P>
<P>&nbsp;&nbsp;&nbsp; 1、具有自己人生规划目标的能力，对自己人生的定位很明确，最终目标是什么，目标进行分段和细化，并能制定出实施的计划，如：20岁、30岁、40岁。。。80岁、90岁、100岁;规划、经营、管理、实现自己的人生目标，让自己对社会的贡献最大化，是我们追求的最有意义目标。</P>
<P>&nbsp;&nbsp;&nbsp; 2、决策时，具有权衡取舍的魄力和能力。在瞬息万变市场的竞争中，有果断做出决策的能力，这是管理者们智慧与谋略及胆量的结晶。当作出决策时，要求管理者在一个目标与另一个目标之间有所取舍。“满意决策”是建立在以对现实条件的充分分析的基础上，选择一种风险较小、较为满意目标方案的决策，是现实性与先进性结合的明智之举。</P>
<P>&nbsp;&nbsp;&nbsp; 3、具有计划管理的能力。当人们要满足某种期望时，往往不计算将要付出的成本，常常凭心理感觉，有了大方案却没有小计划，干到哪里算哪里，因而付出了大的成本冲减了效益。管理者做出一切决策时，一定要先计划、后实施，因为世界在变，环境在变，人们的观念也在变，科学地运用计划管理，企业才可立足及长远发展。</P>
<P>&nbsp;&nbsp;&nbsp; 4、具有建立和改进企业的管理制度的能力。企业制度不在于多而在于精，精致到进入每个员工的心里，制度不仅是制约一般员工行为的，更不能被一些特权者们所利用;所以，企业是用制度来管理人的行为;同时，“信誉是金，承诺是负债”，企业制度中对员工的承诺一定兑现，制度适用于企业中的每一个人，员工们快乐地工作，有效率的制度是企业发展的关键。</P>
<P>&nbsp;&nbsp;&nbsp; 5、具有管理信息的能力。信息管理是企业管理活动的一项重要内容，信息只有及时准确地送到需要者的手中才能发挥作用，企业的管理系统越大，结构就越是复杂，对信息的渴求就越加强烈。任何一个组织要形成统一的意志，统一的步调，各要素之间必须能够准确快速地相互传递信息。管理者们对企业的有效控制和管理，都必须依靠来自组织内外的各种信息。信息，如同人才、原料和能源一样，视为企业生存发展的重要资源，是企业管理活动赖以展开的前提，一切管理活动都离不开信息，一切有效的管理都离不开信息的管理。</P>
<P>&nbsp;&nbsp;&nbsp; 6、目标管理是一项基本的管理技能。它通过划分组织目标与个人目标的方法，将许多关键的管理活动结合起来，实现全面、有效的管理方法和过程。目标管理是强调系统和整体管理，强调自主自控的管理，是面向未来的管理，是重绩效、重成果的管理。</P>
<P>&nbsp;&nbsp;&nbsp; 7、具有概念技能。运用这种技能，管理者必须能够将组织看作一个整体，理解各部分之间的关系，想像组织如何适应它所处的广泛的环境。这是一项非常重要的技能。</P>
<P>&nbsp;&nbsp;&nbsp; 8、具有运用好“授权”这门管理科学和艺术的能力。在竞争日趋激烈的今天，管理者们不能使自己陷于企业具体项目动作过程中的细节之中，尽可能地超越平常的吵吵闹闹，关注对未来的憧憬和远大的计划，通过授权有效地带领团队奔向目标。</P>
<P>&nbsp;&nbsp;&nbsp; 9、具有通过理财的分析，比较项目的优劣的能力。很多创业者或企业管理者没有能过理财分析进行经营决策，因项目盲目上马，导致企业资金周转的困难，经营运作陷入困境甚至于破产。</P>
<P>&nbsp;&nbsp;&nbsp; 10、具有运用财务杠杆和确定支点的能力。初创企业之时(制造业企业为主要)，创始人通常会遇到这样两类问题，第一，需要多少资金投入，以及形成多大的产量和销量，才可以使企业盈利;第二，在既定的资金需求金额下，自己出多少钱，再借入多少钱，能够使企业的经济价值最大。解决这两个问题的过程，就是企业管理者怎样确定企业杠杆支点的决策过程，支点确定的好，杠杆效益就越大。财务管理利用杠杆的目标是：在控制企业总风险的基础上，以较低的代价获得较高的收益。</P>
<P>&nbsp;&nbsp;&nbsp; 11、具有阅读和分析财务报表的技术和能力。是企业管理者们的一项基本功力，企业陷入财务大困境，非一日之事;财务衰败是个渐变的过程，可长可短，但所有迹象，无不清晰地呈现在财务报表上。企业管理者或投资者，如能通过阅读和分析财务报表，得出企业管理运作方面的明显缺陷，甚至发现潜在的隐患，及时做出判断和决策，实行相应的措施，将有效地防患于未然。</P>
<P>&nbsp;&nbsp;&nbsp; 12、具有项目管理的能力。项目管理是帮助企业处理需要跨领域解决的复杂问题，并实现更高的运营效率。企业经营运作之中，经常需要将大项目进行切割，通过项目管理，可大大地提高效率。</P>
<P>&nbsp;&nbsp;&nbsp; 13、具备商务谈判的能力。管理者的世界是张谈判桌，谈判行为是一项很复杂的人类交际行为，它伴随着谈判者的言语互动、行为互动和心理互动等多方面、多维度的错综交往。通过商务谈判所获得的效益，都是企业的纯利润，谈判是企业经营管理中重要的一个利润区。</P>
<P>&nbsp;&nbsp;&nbsp; 14、具有处理企业危机的能力。当企业面对与社会大众或顾客有关的重大事故，在处理这些重大事故时所采取的态度和决策，企业在面对危机时所采取的不同的态度和方法，对塑造良好的企业形象将会产生“差之毫厘，谬以千里”的效果。企业经营运作中的一个小小的意外或者事故就会迅速被扩大到全国、甚至更大的范围内，产生掩耳不及迅雷的恶化后果。</P>
<P>&nbsp;&nbsp;&nbsp; 15、具有剖析自己和企业，超越自我的勇气和能力。把自己和企业适时地交给专业的咨询管理公司，通过专业一层层地剖析自己和企业，找出不足，并积极地解决问题，这需要相当的勇气，这也是一份自我挑战;</P>
<P>&nbsp;&nbsp;&nbsp; 16、遵守职业道德就如保护自己的生命一样重要，管理者必须具备这个能力。永远不要踏进道德这个“雷池”。管理不仅有伦理方面，还有道德方面，“道德与责任，永恒的困境”。人在任何时候，都不要透支自己的道德;企业为了获取自己的最大利益或超额利润，有些不惜逃避或违犯各种制度和规范。在全球一体化的经济背景之下，企业社会责任已经成为不可逆转的国际化潮流，企业社会责任不仅仅是评价企业道德高低的标准，同时也是企业进入国际市场的门槛。</P>
<P>&nbsp;&nbsp;&nbsp; 17、具有将企业建设成学习型组织的能力。“未来最成功的企业将是一种学习型组织——能够使各阶层所有成员全身投入，并持续不断地学习……企业未来唯一持久的竞争优势，就是具备比竞争对手更快学习的能力;通过不断地学习，使企业的资源融会贯通，吐故纳新，始终以崭新的形象，生机勃勃地面对多变的外界环境。”</P>
<P>&nbsp;&nbsp;&nbsp; 18、具有良好的社会交往能力。良好的人际关系，不仅能给人生带来快乐，而且能助人走向成功，社交能力是人类生存的重要能力。人以类聚，物以群分。现社会上成功的企业家多数是50后、60后的人，他们已渡过了创业、企业经营的原始阶段，有学历、有经验、有资源，要融入他们的圈子，就要具备他们的能力，广交朋友，舍得对自己投资，包括从内至外的，言谈举止、内涵方面的改变等。</P>
<P>　19、“好心态，成就大事业!”这是企业管理者必备的能力和素养。企业管理者是企业的心理核心，天下大任为己任，企业家们的责任任重而道远，稳定、良好的心态，这是个人平时**的结果。</P>
<P>&nbsp;&nbsp;&nbsp; 20、身体健康，更需要管理，这是现代企业家们所应必备的一种能力。随着工作节奏的加快，生活方式的多元化，竞争日趋激烈，人们的心理承受能力日渐加重的缘故，健康状况呈下滑趋势，对自己健康状况的重新认识，把危险消除在萌芽状态，如何维护健康做一个正确的规划和引导，以达到保健、养生、延年益寿的效果，企业家个人对社会的价值是不同的，做好自身的健康管理，是对社会的一种贡献。</P>
<P>&nbsp;&nbsp;&nbsp; 长期以来，“创业”都被学者和作者们用下列的术语进行定义：新颖的、创新的、灵活的、有活力的、有创造性的，以及能承担风险的。一些学者说，创业包括创造价值、创建并经营一家新的营利型企业的过程，通过个人或一个群体投资组建公司，来提供新产品或服务，以及有意识地创造价值的过程;另一个关于创业的定义是：“创造不同的价值的一种过程，这种价值的创造需要投入必要的时间和付出一定的努力，承担相应的金融、心理和社会风险，并能在金钱上和个人成就感方面得到回报。”</P>
<P>&nbsp;&nbsp;&nbsp; 现今相当一总分有志青年、刚毕业的大学生希望自主创业，并积极参加社会上的各类培训，将自己的目标一天写10遍，贴在墙上时时鼓励自己等，这些心理激励固然重要，但在社会这个大舞台上比拼的是能力、是技巧，而并非仅仅是热情。总之，欲创业者，应慎而又慎。“磨刀不误砍柴功”，如还没准备好，请再加油，并将自己有限的时间安排好，基础能力提升上来，建立个人的核心竞争力，只梦想和空想是达不成目标的，不具备能力就去创业，社会上就会又多一个失败者.</P>,,,0,1,1,0,Black,normal,lblSmallImagePath
134,35,2013年最新解读大学生的创业流程,,,佚名,本站原创,613,2013-09-05 15:28:53.433,&nbsp;&nbsp;&nbsp;&nbsp; 大学生创业早已不是什么新鲜事了，那么你真正知道大学生的创业流程都有哪些吗？
<P>　<STRONG>　1。 企业名称预先登记</STRONG></P>
<P>　　办理程序：持股东（投资人）资格证明领取《名称（变更）预先核准申请书》、《投资人授权委托意见》→填表（按公司命名要求一次可以最多起9个名称备查）→ 交表→ 领取《企业名称预先核准通知书》</P>
<P><STRONG>　　2。 企业设立登记</STRONG></P>
<P>　　办理程序：出示《企业名称预先核准通知书》→领取《企业设立登记申请书》；同时领取《企业设立登记申请书》等有关表格</P>
<P>　<STRONG>　3。 前置审批</STRONG></P>
<P>　　办理程序：持股东（投资人）资格证明领取《名称（变更）预先核准申请书》、《投资人授权委托意见》→填表（按公司命名要求一次可以最多起9个名称备查）→ 交表→ 领取《企业名称预先核准通知书》</P>
<P>　<STRONG>　4。 交存企业注册资金</STRONG></P>
<P>　　办理程序：股东之一本人当面出示所有股东的身份证原件→填写入资单→存入注册资金→领取入资原始进帐单</P>
<P>　<STRONG>　5。 办理法定验资手续</STRONG></P>
<P>　　收费标准：注册资金30万元（含）以上，按注册资金的2‰收取；30万元以下收费600元。提供材料：根据各申办企业情况不同，提供材料的要求也不同</P>
<P>　<STRONG>　6。 工商注册的审批、领取营业执照</STRONG></P>
<P>　　填写并提交《企业设立登记申请书》等材料→领取《准予设立（变更、注销、撤销）登记（备案）通知书》→5个工作日后持《准予设立（变更、注销、撤销）登记（备案）通知书》→交费→领取营业执照正副本</P>
<P><STRONG>　　7。 企业印章备案及刻制</STRONG></P>
<P>　　办理程序：携带营业执照副本到公安分局窗口备案→公安分局在营业执照副本上印核准章→在指定的刻字社刻制公章、财务章、合同章、人名章等印鉴，收费标准：公安分局备案免费，刻章费：（此为行业规范价格，仅供参考）共计365元（其中财务章180、公章70元/枚、合同章70元/枚、人名章45元/枚）</P>
<P>　<STRONG>　8。 企业法人代码登记</STRONG></P>
<P>　　办理程序：领表→填表→提交单位公章等资料→交费→（办理时限过后）领取组织机构代码证书。</P>
<P>　<STRONG>　9。 税务登记</STRONG></P>
<P>　　提供材料：企业法人营业执照副本复印件一份或其它主管机关核发的许可证照复印件一份；法定代表人或负责人的身份证复印件一份（外籍人员为护照复印件一份）；企业办税人员身份证复印件一份；企业组织机构统一代码证复印件一份；提供企业银行开户许可证复印件一份；办理新办税务登记的纳税人还要提供营业执照所在地的街道和乡街的名称。</P>
<P><STRONG>　　10。 开设银行账号</STRONG></P>
<P>　　提供材料：请根据各入资银行的具体要求为准。</P>,,,0,1,1,0,Black,normal,lblSmallImagePath
148,35,大学生应有双创精神 多辟道路鼓励大学生就业,,,佚名,本站原创,610,2013-09-16 09:17:05.053,"<SPAN style=""WIDOWS: 2; TEXT-TRANSFORM: none; BACKGROUND-COLOR: rgb(255,255,255); TEXT-INDENT: 28px; DISPLAY: inline !important; FONT: 14px/30px Arial, 宋体; WHITE-SPACE: normal; ORPHANS: 2; FLOAT: none; LETTER-SPACING: normal; COLOR: rgb(102,102,102); WORD-SPACING: 0px; -webkit-text-size-adjust: auto; -webkit-text-stroke-width: 0px"">公地均被过度开垦，看不到任何希望，更何况，创业有风险，万一不成功，将来再想当公务员、进国企和事业单位，基本不可能，看着不断增大的生活压力，他们怎能不慎之又慎？</SPAN>
<P style=""PADDING-BOTTOM: 0px; WIDOWS: 2; TEXT-TRANSFORM: none; BACKGROUND-COLOR: rgb(255,255,255); TEXT-INDENT: 28px; MARGIN: 0px; PADDING-LEFT: 0px; PADDING-RIGHT: 0px; FONT: 14px/30px Arial, 宋体; WHITE-SPACE: normal; ORPHANS: 2; LETTER-SPACING: normal; COLOR: rgb(102,102,102); WORD-SPACING: 0px; PADDING-TOP: 0px; -webkit-text-size-adjust: auto; -webkit-text-stroke-width: 0px"">昨日，国务院总理李克强来到兰州大学调研，鼓励大学生说：“不光要就业，还要创业。”他指出，大学生要有双创精神，在校学习既要致力于创新，到社会上工作也要敢于创业。</P>
<P style=""PADDING-BOTTOM: 0px; WIDOWS: 2; TEXT-TRANSFORM: none; BACKGROUND-COLOR: rgb(255,255,255); TEXT-INDENT: 28px; MARGIN: 0px; PADDING-LEFT: 0px; PADDING-RIGHT: 0px; FONT: 14px/30px Arial, 宋体; WHITE-SPACE: normal; ORPHANS: 2; LETTER-SPACING: normal; COLOR: rgb(102,102,102); WORD-SPACING: 0px; PADDING-TOP: 0px; -webkit-text-size-adjust: auto; -webkit-text-stroke-width: 0px"">我国正培养着世界上数量最多的大学生，今年仅应届毕业生便达699万，只就业不创业，堪称是一个“老大难”问题。美国在校大学生创业率为20%，我国仅为0.3%，差距如此悬殊，绝非“观念不同”所能解释。</P>
<P style=""PADDING-BOTTOM: 0px; WIDOWS: 2; TEXT-TRANSFORM: none; BACKGROUND-COLOR: rgb(255,255,255); TEXT-INDENT: 28px; MARGIN: 0px; PADDING-LEFT: 0px; PADDING-RIGHT: 0px; FONT: 14px/30px Arial, 宋体; WHITE-SPACE: normal; ORPHANS: 2; LETTER-SPACING: normal; COLOR: rgb(102,102,102); WORD-SPACING: 0px; PADDING-TOP: 0px; -webkit-text-size-adjust: auto; -webkit-text-stroke-width: 0px"">问题关键在于，美国金融市场宽松，大量的社会游资在苦寻项目，大学生只要有好的技术、好的创意，便不难找到资金，乔布斯、比尔·盖茨、保罗·艾伦等连毕业文凭都没拿到，却能一再融资成功，而在中国，即使是非常成功的企业，只要属民营，想得到银行支持也极为不易，更遑论大学生创业的小公司了。美国企业成为世界型企业，平均只需10年，而中国则需平均三十年左右。</P>
<P style=""PADDING-BOTTOM: 0px; WIDOWS: 2; TEXT-TRANSFORM: none; BACKGROUND-COLOR: rgb(255,255,255); TEXT-INDENT: 28px; MARGIN: 0px; PADDING-LEFT: 0px; PADDING-RIGHT: 0px; FONT: 14px/30px Arial, 宋体; WHITE-SPACE: normal; ORPHANS: 2; LETTER-SPACING: normal; COLOR: rgb(102,102,102); WORD-SPACING: 0px; PADDING-TOP: 0px; -webkit-text-size-adjust: auto; -webkit-text-stroke-width: 0px"">中国资本管控极严，固然避免了金融风暴式的震荡，但代价就是太多人的创业冲动被扼杀，资源与需求严重脱节，创造力与才华得不到充分奖励，需要钱的找不到钱，不需要钱的又被逼着花钱。当资金都流向“安全”而低效的产业时，一个社会的劳动生产率就会被人为拉低。</P>
<P style=""PADDING-BOTTOM: 0px; WIDOWS: 2; TEXT-TRANSFORM: none; BACKGROUND-COLOR: rgb(255,255,255); TEXT-INDENT: 28px; MARGIN: 0px; PADDING-LEFT: 0px; PADDING-RIGHT: 0px; FONT: 14px/30px Arial, 宋体; WHITE-SPACE: normal; ORPHANS: 2; LETTER-SPACING: normal; COLOR: rgb(102,102,102); WORD-SPACING: 0px; PADDING-TOP: 0px; -webkit-text-size-adjust: auto; -webkit-text-stroke-width: 0px"">除了资金约束之外，社会投资不足亦是一大瓶颈。大学生走出校门后，无法用所学知识来改造社会，而是要先上“社会大学”，学会适应社会，因为社会的复杂远超过想象，欺诈、腐败、愚昧、滥权等现象仍很普遍，如果不懂怎样绕过这些暗礁，则再好的商业计划、再熟练的商业技能，也将铩羽而归。</P>
<P style=""PADDING-BOTTOM: 0px; WIDOWS: 2; TEXT-TRANSFORM: none; BACKGROUND-COLOR: rgb(255,255,255); TEXT-INDENT: 28px; MARGIN: 0px; PADDING-LEFT: 0px; PADDING-RIGHT: 0px; FONT: 14px/30px Arial, 宋体; WHITE-SPACE: normal; ORPHANS: 2; LETTER-SPACING: normal; COLOR: rgb(102,102,102); WORD-SPACING: 0px; PADDING-TOP: 0px; -webkit-text-size-adjust: auto; -webkit-text-stroke-width: 0px"">不规范的商业环境，总是社会投资不足的产物，目之所及，公地均被过度开垦，看不到任何希望，孩子们自然会产生畏难情绪，更何况，创业有风险，万一不成功，将来再想当公务员、进国企和事业单位，基本不可能，看着不断增大的生活压力，他们怎能不慎之又慎？</P>
<P style=""PADDING-BOTTOM: 0px; WIDOWS: 2; TEXT-TRANSFORM: none; BACKGROUND-COLOR: rgb(255,255,255); TEXT-INDENT: 28px; MARGIN: 0px; PADDING-LEFT: 0px; PADDING-RIGHT: 0px; FONT: 14px/30px Arial, 宋体; WHITE-SPACE: normal; ORPHANS: 2; LETTER-SPACING: normal; COLOR: rgb(102,102,102); WORD-SPACING: 0px; PADDING-TOP: 0px; -webkit-text-size-adjust: auto; -webkit-text-stroke-width: 0px"">大学生不创业，不只是大学生们的责任，对此人人都应有一份担当。不如开辟一条道路，保留一片天空，拓展一份自由。亡羊补牢，犹未为晚，进一步深化就业与发展环境，是根本的解决之道。</P>",,,0,1,1,0,Black,normal,lblSmallImagePath
1503,35,杭州市大学生创业工作指南,,,佚名,杭州市大学生就业创业服务网,397,2015-10-22 09:44:54.040,<p style="TEXT-ALIGN: left; TEXT-INDENT: 0em"><strong>1、大学生在杭自主创业能享受哪些优惠政策？ </strong><br/>&nbsp;&nbsp;&nbsp; 大学生在杭自主创业能享受到创办企业相关费用减免、创业资助资金资助、入驻大学生创业园、房租补贴、会展补贴、免费人才招聘和人事代理服务等优惠政策。 <br/><strong>2、大学生在杭自主创业需符合哪些条件，才能享受上述优惠政策？</strong> <br/>&nbsp;&nbsp;&nbsp; 在杭普通高校在校生及毕业后五年内的全国普通高校毕业生（毕业时间为2005年及以后，从毕业证书的签发之日算起）以本人名义在杭州市区范围内创办企业或从事个体工商经营（以在2008年1月1日以后取得工商营业执照为准），且必须符合以下条件：一是从事当年度我市产业发展导向目录中非禁止、非限制类发展项目。二是大学生在杭创办企业，必须由大学生担任该企业的法定代表人，且大学生创业团队核心成员出资总额不低于注册资本的30%。三是在杭普通高校在校生提出创业资助资金申请，必须有在校期间接受孵化并在杭州市区落地转化的创业项目。 <br/>另外，杭州市大学生创业大赛获奖项目付诸实施并在杭州市区范围内注册的大学生创业企业，且同时符合以下条件的，可免于评审，直接申请享受不低于10万元的大学生创业项目无偿资助资金： <br/>（1）满足上述在杭自主创业的规定条件； <br/>（2）须由原参赛团队中的大学生担任企业法定代表人； <br/>（3）在大赛结束后一年内（以获奖证书上的时间为准）提出无偿资助申请。 <br/><strong>3、有关大学生在杭自主创业的政策有哪些？</strong> <br/>（1）杭州市人民政府关于鼓励和扶持大学生在杭自主创业的若干意见； <br/>（2）杭州市大学生创业资助资金实施办法(试行)； <br/>（3）关于免除大学生在杭自主创办企业相关费用的通知； <br/>（4）杭州市大学生创办企业费用免除办理流程； <br/>（5）杭州市大学生创业园建设和管理若干意见； <br/>（6）杭州市大学生创业大赛获奖项目无偿资助资金操作办法（试行）。 <br/>以上文件均可在杭州人事人才网（www.hzsrsj.gov.cn）——创业就业栏目中查阅。 <br/><strong>4、大学生在杭自主创办企业能够免除哪些费用？</strong> <br/>&nbsp;&nbsp;&nbsp; 大学生在创办企业过程中凭《杭州市大学生创办企业证明》到工商部门、有关验资机构和杭州银行、杭州联合农村合作银行各网点办理工商登记、验资证明和开设银行账户时，相关部门将免除有关办理费用。 <br/><strong>5、如何办理《杭州市大学生创办企业证明》？</strong> <br/>&nbsp;&nbsp;&nbsp; 大学生创业企业凭借《企业名称预先核准通知书》、本人身份证、毕业证（学生证）等证明材料原件和复印件到杭州市人才中心创业服务处或各区人事局办理《杭州市大学生创办企业证明》。其中：在市工商局登记注册的，由市人才中心创业服务处出具；在区工商分局登记注册的，由所在区人事局出具。 <br/><strong>6、办理大学生创办企业相关费用免除的工商部门、有关验资机构和银行有哪些？他们的联系方式是什么？ </strong><br/>&nbsp;&nbsp;&nbsp; 具体可查看杭州人事人才网（<a href="http://www.hzsrsj.gov.cn">www.hzsrsj.gov.cn</a>）——创业就业栏目中杭州市大学生创办企业费用免除办理流程的附件。相关办理流程可咨询市人才中心创业服务处和所在区人事局，具体联系方式见本“指南”附件。 <br/><strong>7、大学生创业资助资金的种类有哪些？ </strong><br/>&nbsp;&nbsp;&nbsp; 商业贷款贴息和项目无偿资助，两者不能重复申请。 <br/><strong>8、项目无偿资助的等级和金额？ </strong><br/>&nbsp;&nbsp;&nbsp; 分六个等级：2万元、5万元、8万元、10万元、15万元、20万元。 <br/><strong>9、商业贷款贴息的比例和额度？ </strong><br/>&nbsp;&nbsp;&nbsp; 获得银行商业贷款后用于生产经营，对实际应支付的贷款利息给予50%贴息，最高额度为2万元。 <br/><strong>10、如何申请大学生创业资助资金，申请时需提供哪些材料？ </strong><br/>&nbsp;&nbsp;&nbsp; 符合资助对象及条件的申请人向市人才中心创业服务处或所属区人事局提出申请（市级企业向市毕业生就业服务中心（创业服务处）申请，区级企业或个体工商户向所属区人事局申请），申请时需提交以下材料： <br/>（1）《杭州市大学生创业资助资金申请表》（申请大学生创业大赛获奖项目无偿资助的提交《杭州市大学生创业大赛获奖项目无偿资助资金申请表》）; <br/>（2）身份、户籍、学历（在校生提供在校证明及校方出具的在校接受项目孵化证明）、工商注册（登记）证明； <br/>（3）申请商业贷款贴息的须提供贷款合同；申请项目无偿资助的须提供相关支出的合同、凭证和商业计划书（项目可行性报告）。 <br/>（4）申请15万元、20万元无偿资助的项目，由创业导师或风投、创投机构及相关企业推荐的在同等条件下予以优先考虑。 <br/>（5）申请大学生创业大赛获奖项目无偿资助的还须提交杭州市大学生创业大赛获奖证明以及参赛项目所有成员（以获奖证书上的成员为准）申报获奖项目无偿资助的签名同意书或授权书。 <br/>（6）受理部门要求提供的其它材料。 <br/>申报受理等相关事宜可咨询市人才中心创业服务处和所在区人事局，具体联系方式见本“指南”附件。 <br/><strong>11、大学生创业资助企业的义务和责任是什么？ </strong><br/>（1）对获得的创业资金加强或完善财务管理； <br/>（2）获得项目无偿资助的，自每期资金拨付之日起三个月内应向市人事局与市财政局（区级企业向区人事局与区财政局）递交资金使用情况的财务报告和项目运行情况报告； <br/>（3）接受有关部门对资助资金使用情况的监督检查和审计。 <br/>（4）资助对象如采取弄虚作假方式，骗取创业资金的，按照《财政违法行为处罚处分条例》的有关规定，由市财政、审计、监察机关作出处理。涉嫌犯罪的，依法移交司法机关处理。 <br/><strong>12、入驻大学生创业园的条件和流程是什么？</strong> <br/>&nbsp;&nbsp;&nbsp; 目前我市已有杭州市大学生创业园（西湖——浙大科技园）、（下沙）、（高新）、（下城）、（萧山）、（拱墅）、（余杭）、（上城）和位于江干区的杭州市大学生创业园（赛博）等9家市级大学生创业园。各大学生创业园的具体入园条件和流程可咨询创业园所在区人事局，具体联系方式见本“指南”附件。 <br/><strong>13、入驻大学生创业园在经营场地方面有何优惠？</strong> <br/>&nbsp;&nbsp;&nbsp; 新办大学生创业企业入驻大学生创业园，2年内可获得创业园所在地区政府（开发区管委会）提供的50平方米以内的免费经营场地。具体申请条件和流程可咨询创业园所在区人事局，具体联系方式见本“指南”附件。 <br/><strong>14、大学生创业园可以提供哪些创业服务？</strong> <br/>&nbsp;&nbsp;&nbsp; 大学生创业园为大学生创业提供政策咨询、各类扶持资金申请、企业登记注册、商务、融资等方面的“一站式”服务。 <br/><strong>15、房租补贴的标准是什么？ </strong><br/>&nbsp;&nbsp;&nbsp; 大学生创业企业在创业园外租赁房屋用于创业的，两年内由纳税地财政给予房租补贴，补贴标准为第一年补贴1元/平方米·天、第二年补贴0.5元/平方米·天（实际租用面积超过100平方米的，按100平方米计算；房租补贴超过实际租房费用的，按实际租房费用补贴）。办理流程可咨询创业园所在区人事局，具体联系方式见本“指南”附件。 <br/><strong>16、会展补贴的标准是什么？ </strong><br/>&nbsp;&nbsp;&nbsp; 大学生创业企业参加市政府（或经市政府批准）举办或组织参加的各类国内外会展，经企业纳税地政府部门认可后，由纳税地财政按展位费的50%给予补贴。对单家企业每年最多补贴3万元，可连续补贴三年。办理流程可咨询创业园所在区人事局，具体联系方式见本“指南”附件。 <br/><strong>17、大学生创业企业在人才招聘中可以享受哪些优惠服务？</strong> <br/>&nbsp;&nbsp;&nbsp; <a name="_Toc141499319"></a><a name="_Toc138831759"></a><a name="_Toc138831530"></a>大学生创业企业三年内可免费参加市人事部门组织的大型人才招聘会、免费在杭州人才网和杭州毕业生就业创业公共网上发布招聘信息；从工商营业执照发证之日起三年内，每年可6次免费参加杭州人才市场举办的人才集市进行招聘。办理流程可咨询市人才中心和所在区人事局，具体联系方式见本“指南”附件。 <br/><strong>18、大学生创业企业可以享受哪些优惠的人事服务？ </strong><br/>&nbsp;&nbsp;&nbsp; 免费为大学生自主创业企业提供三年人事代理服务。办理流程可咨询市人才中心和所在区人事局，具体联系方式见本“指南”附件。</p><p style="TEXT-ALIGN: left"><strong>附件：</strong> <br/>1、市人事局人才流动开发处：体育场路335号4楼401室和402室&nbsp; 电话：85167760&nbsp; 85066393； <br/>2、市人才中心创业服务处：体育场路335号5楼513室&nbsp; 电话：85165796； <br/>3、市人才中心相关电话：85167766（人事代理咨询）、85166855（杭州人才网网上招聘）、85062691（杭州人才市场现场招聘）。 <br/>4、上城区人事局：惠民路26号510室&nbsp; 电话：87822813； <br/>5、下城区人事局：闸弄口121号流水东苑3幢下城区行政服务中心&nbsp; 电话：28932401； <br/>6、拱墅区人事局：台州路1号&nbsp; 电话：88259665； <br/>7、江干区人事局：庆春东路1号&nbsp; 电话：86974603； <br/>8、西湖区人事局：浙大路3号一楼&nbsp; 电话：87935180； <br/>9、高新区（滨江）人事局：江南大道100号滨江区行政中心一楼&nbsp; 电话：87702426，文三路199号高新区（滨江）办事服务中心&nbsp; 电话：88060228； <br/>10、经济技术开发区人事局：经济技术开发区3号大街银都商厦三楼&nbsp; 电话：86878789； <br/>11、萧山区人事局：萧山区体育路37号1号楼405室&nbsp; 电话：82625670； <br/>12、余杭区人事局：余杭区临平保健路67号&nbsp; 电话：86223642；</p><style>TD {&#13;&#10;&#9;SCROLLBAR-FACE-COLOR: #e4f5fc; FONT-SIZE: 12px; MARGIN: 0px; SCROLLBAR-HIGHLIGHT-COLOR: #ffffff; SCROLLBAR-SHADOW-COLOR: #4e9bc9; COLOR: #333333; SCROLLBAR-3DLIGHT-COLOR: #a6d2f7; LINE-HEIGHT: 160%; SCROLLBAR-ARROW-COLOR: #a6d2f7; SCROLLBAR-TRACK-COLOR: #e0f0fd; SCROLLBAR-DARKSHADOW-COLOR: #e0f0fd; SCROLLBAR-BASE-COLOR: #f2f2f2; TEXT-DECORATION: none&#13;&#10;}&#13;&#10;TABLE {&#13;&#10;&#9;SCROLLBAR-FACE-COLOR: #e4f5fc; FONT-SIZE: 12px; MARGIN: 0px; SCROLLBAR-HIGHLIGHT-COLOR: #ffffff; SCROLLBAR-SHADOW-COLOR: #4e9bc9; COLOR: #333333; SCROLLBAR-3DLIGHT-COLOR: #a6d2f7; LINE-HEIGHT: 160%; SCROLLBAR-ARROW-COLOR: #a6d2f7; SCROLLBAR-TRACK-COLOR: #e0f0fd; SCROLLBAR-DARKSHADOW-COLOR: #e0f0fd; SCROLLBAR-BASE-COLOR: #f2f2f2; TEXT-DECORATION: none&#13;&#10;}&#13;&#10;.t1 {&#13;&#10;&#9;FONT-WEIGHT: 800; FONT-SIZE: 12px; COLOR: #ff0000; LINE-HEIGHT: 120%; FONT-FAMILY: "宋体"; TEXT-ALIGN: justify; TEXT-DECORATION: none&#13;&#10;}&#13;&#10;.t {&#13;&#10;&#9;FONT-SIZE: 12px; TEXT-INDENT: 20pt; LINE-HEIGHT: 160%; FONT-FAMILY: "宋体"; TEXT-DECORATION: none&#13;&#10;}&#13;&#10;P {&#13;&#10;&#9;FONT-SIZE: 12px; TEXT-INDENT: 20pt; LINE-HEIGHT: 160%; FONT-FAMILY: "宋体"; TEXT-DECORATION: none&#13;&#10;}</style><p></p>,,,0,1,1,0,Black,normal,
